Workbook

Sheet Outreach
A1: SwapSutra — Outreach Log
A2: Roz 10 message. Sirf un listings par jo aapne khud padhi hain. Yellow columns aap bharti hain.
A4: Date | B4: Naam | C4: Kahan mila | D4: Listing / kaunsi kitaab | E4: Pincode / ilaka | F4: Message bheja? | G4: Reply aaya? | H4: Join kiya? | I4: Kitaabein list ki | J4: Swap hua? | K4: Notes
A5: 2026-09-01 | B5: Rahul | C5: OLX | D5: Lucent GK + SSC CGL previous papers | E5: 247001 | F5: Haan | G5: Haan | H5: Haan | I5: 3 | J5: Nahi | K5: EXAMPLE ROW — ise mita dijiye. Reasoning book chahiye thi.

Sheet Dashboard
A1: Har hafte sirf ye dekhiye
A2: Ye page apne aap bharta hai — Outreach tab bhariye, yahan kuch mat likhiye.
A4: Number | B4: Abhi
A5: Kitne logon ko message bheja | B5: =COUNTIF(Outreach!F6:F405,"Haan") -> 0
A6: Kitno ne reply kiya | B6: =COUNTIF(Outreach!G6:G405,"Haan") -> 0
A7: Kitno ne join kiya | B7: =COUNTIF(Outreach!H6:H405,"Haan") -> 0
A8: Reply rate | B8: =IFERROR(B6/B5,0) -> 0
A9: Join rate (message se) | B9: =IFERROR(B7/B5,0) -> 0
A10: Kul kitaabein list hui | B10: =SUM(Outreach!I6:I405) -> 0
A11: ACTIVE READERS (3+ kitaab aur 1 swap) | B11: =COUNTIFS(Outreach!I6:I405,">=3",Outreach!J6:J405,"Haan") -> 0
A12: Founding seats bache (100 mein se) | B12: =100-COUNTIF(Outreach!H6:H405,"Haan") -> 100
A15: Sirf ek number maayne rakhta hai: ACTIVE READERS.
A16: Signup ginne se aap khush hongi aur kuch nahi seekhengi.
A17: Ek reader tab active hai jab usne 3 kitaabein list ki HON aur 1 swap poora kiya ho.
A18: 90 din ka lakshya: ek zile mein 40 active readers. Das hazaar signup nahi.
A20: Reply rate 10% se kam ho to message badliye, mehnat nahi.
A21: Join rate kam ho to signup flow dekhiye — shayad pehli kitaab maangna bhool rahe hain.

Sheet Kahan kholna hai
A1: Pincode se demand
A2: Har baatcheet mein pincode poochhiye. Jahan sabse zyada log hain, agla wahi ilaka.
A4: Pincode / ilaka | B4: Kitne log | C4: Kaunsi kitaabein maang rahe hain
A5: 247001 (Saharanpur city) | B5: =COUNTIF(Outreach!$E$6:$E$405,"*247001*") -> 0 | C5: EXAMPLE — SSC reasoning, Lucent GK
B6: =IF($A6="","",COUNTIF(Outreach!$E$6:$E$405,"*"&$A6&"*"))
B7: =IF($A7="","",COUNTIF(Outreach!$E$6:$E$405,"*"&$A7&"*"))
B8: =IF($A8="","",COUNTIF(Outreach!$E$6:$E$405,"*"&$A8&"*"))
B9: =IF($A9="","",COUNTIF(Outreach!$E$6:$E$405,"*"&$A9&"*"))
B10: =IF($A10="","",COUNTIF(Outreach!$E$6:$E$405,"*"&$A10&"*"))
B11: =IF($A11="","",COUNTIF(Outreach!$E$6:$E$405,"*"&$A11&"*"))
B12: =IF($A12="","",COUNTIF(Outreach!$E$6:$E$405,"*"&$A12&"*"))
B13: =IF($A13="","",COUNTIF(Outreach!$E$6:$E$405,"*"&$A13&"*"))
B14: =IF($A14="","",COUNTIF(Outreach!$E$6:$E$405,"*"&$A14&"*"))
B15: =IF($A15="","",COUNTIF(Outreach!$E$6:$E$405,"*"&$A15&"*"))
B16: =IF($A16="","",COUNTIF(Outreach!$E$6:$E$405,"*"&$A16&"*"))
B17: =IF($A17="","",COUNTIF(Outreach!$E$6:$E$405,"*"&$A17&"*"))
... B39: =IF($A39="","",COUNTIF(Outreach!$E$6:$E$405,"*"&$A39&"*"))
